SET SCHEMA FN71986;

INSERT INTO FN71986.PASSENGERS (EGN, NAME, E_MAIL, TELEPHONE) VALUES ('7123123212', 'Dragan Petkov', 'draganpetkov@mail.bg', '0899234534');
INSERT INTO FN71986.PASSENGERS (EGN, NAME, E_MAIL, TELEPHONE) VALUES ('7821432132', 'Kiril Kirilov', 'kirilkirilov@abv.bg', '0983122134');
INSERT INTO FN71986.PASSENGERS (EGN, NAME, E_MAIL, TELEPHONE) VALUES ('4501123456', 'Slavi Slavov', 'slavislavov12@gmail.com', '0892123456');
INSERT INTO FN71986.PASSENGERS (EGN, NAME, E_MAIL, TELEPHONE) VALUES ('4609096789', 'Kiril Petrov', 'kirilpetrov46@abv.bg', '0878540322');
INSERT INTO FN71986.PASSENGERS (EGN, NAME, E_MAIL, TELEPHONE) VALUES ('3456721342', 'Nikola Kolev', 'nikolakolev34@mail.bg', '0899435654');
INSERT INTO FN71986.PASSENGERS (EGN, NAME, E_MAIL, TELEPHONE) VALUES ('0023453244', 'Ivan Kirilov', 'ivank23@abv.bg', '0987123456');
INSERT INTO FN71986.PASSENGERS (EGN, NAME, E_MAIL, TELEPHONE) VALUES ('0190234334', 'Petur Ivanov', 'pivanov2344@gmail.com', '0899546677');
INSERT INTO FN71986.PASSENGERS (EGN, NAME, E_MAIL, TELEPHONE) VALUES ('9875123456', 'Georgi Georgiev', 'ggero@yahoo.com', '0899568822');
INSERT INTO FN71986.PASSENGERS (EGN, NAME, E_MAIL, TELEPHONE) VALUES ('8604235600', 'Alex Petrov', 'a_petrov@hotmail.com', '0854345443');
INSERT INTO FN71986.PASSENGERS (EGN, NAME, E_MAIL, TELEPHONE) VALUES ('9532456799', 'Ilian Ivanov', 'iivanov@abv.bg', '0855467788');
INSERT INTO FN71986.PASSENGERS (EGN, NAME, E_MAIL, TELEPHONE) VALUES ('6600236899', 'Kiril Gospodinov', 'kgospodinov6600@mail.bg', '0899485577');
INSERT INTO FN71986.PASSENGERS (EGN, NAME, E_MAIL, TELEPHONE) VALUES ('7003346587', 'Stanislav Manolov', 'slavi_man@abv.bg', '0899567283');
INSERT INTO FN71986.PASSENGERS (EGN, NAME, E_MAIL, TELEPHONE) VALUES ('9012345435', 'Ivana Georgieva', 'ivanageor@yahoo.com', '0899573344');
INSERT INTO FN71986.PASSENGERS (EGN, NAME, E_MAIL, TELEPHONE) VALUES ('9300456545', 'Petya Savova', 'petya_sav@abv.bg', '0885434563');
INSERT INTO FN71986.PASSENGERS (EGN, NAME, E_MAIL, TELEPHONE) VALUES ('0634223444', 'Iliana Ilieva', 'iliana_ilieva@abv.bg', '0854324545');
INSERT INTO FN71986.PASSENGERS (EGN, NAME, E_MAIL, TELEPHONE) VALUES ('0345653212', 'Aleksandra Ilianova', 'aleks_ili@mail.bg', '0899368855');
INSERT INTO FN71986.PASSENGERS (EGN, NAME, E_MAIL, TELEPHONE) VALUES ('9902340543', 'Violeta Dimova', 'vili_dim@yahoo.com', '0893454665');
INSERT INTO FN71986.PASSENGERS (EGN, NAME, E_MAIL, TELEPHONE) VALUES ('0034565454', 'Damiana Petkova', 'damiana_petkova345@abv.bg', '0855463343');
INSERT INTO FN71986.PASSENGERS (EGN, NAME, E_MAIL, TELEPHONE) VALUES ('0123454565', 'Yoanna Petrova', 'yoanna_petr123@gmail.com', '0899325577');
INSERT INTO FN71986.PASSENGERS (EGN, NAME, E_MAIL, TELEPHONE) VALUES ('0023554355', 'Mihaela Vasileva', 'misha_23_231@abv.bg', '0876544533');

INSERT INTO FN71986.BRANCHES (NAME, ADDRESS) VALUES ('NDK', 'Bul Vitosha');
INSERT INTO FN71986.BRANCHES (NAME, ADDRESS) VALUES ('Liulin', 'Bul Tsaritsa Ioanna');
INSERT INTO FN71986.BRANCHES (NAME, ADDRESS) VALUES ('James Boucher', 'Bul James Boucher');
INSERT INTO FN71986.BRANCHES (NAME, ADDRESS) VALUES ('Mizia', 'Bul Montevideo');
INSERT INTO FN71986.BRANCHES (NAME, ADDRESS) VALUES ('Krasno Selo', 'Bul Tsar Boris III');
INSERT INTO FN71986.BRANCHES (NAME, ADDRESS) VALUES ('Sofia Airport', 'Bul Aleksandar Malinov');
INSERT INTO FN71986.BRANCHES (NAME, ADDRESS) VALUES ('European Union', 'Bul Arsenalski');
INSERT INTO FN71986.BRANCHES (NAME, ADDRESS) VALUES ('Patriarh Evtimii', 'Bul Patriarh Evtimii');
INSERT INTO FN71986.BRANCHES (NAME, ADDRESS) VALUES ('Vitosha', 'Bul Cherni Vrah');
INSERT INTO FN71986.BRANCHES (NAME, ADDRESS) VALUES ('Bul Bulgaria', 'Bul Bulgaria');

INSERT INTO FN71986.STAFF (STAFFID, NAME, TELEPHONE, BRANCH_NAME) VALUES (100001, 'Georgi Petrov', '0823423242', 'Vitosha');
INSERT INTO FN71986.STAFF (STAFFID, NAME, TELEPHONE, BRANCH_NAME) VALUES (100002, 'Gospodin Aldov', '0854335345', 'NDK');
INSERT INTO FN71986.STAFF (STAFFID, NAME, TELEPHONE, BRANCH_NAME) VALUES (100003, 'Gergana Orlinova', '0895345345', 'NDK');
INSERT INTO FN71986.STAFF (STAFFID, NAME, TELEPHONE, BRANCH_NAME) VALUES (100004, 'Ivana Mihailova', '0875345355', 'Liulin');
INSERT INTO FN71986.STAFF (STAFFID, NAME, TELEPHONE, BRANCH_NAME) VALUES (100005, 'Ivan Petrov', '0885345345', 'James Boucher');
INSERT INTO FN71986.STAFF (STAFFID, NAME, TELEPHONE, BRANCH_NAME) VALUES (100006, 'Nikola Dimov', '0893453454', 'James Boucher');
INSERT INTO FN71986.STAFF (STAFFID, NAME, TELEPHONE, BRANCH_NAME) VALUES (100007, 'Nikolai Petrov', '0985345345', 'Mizia');
INSERT INTO FN71986.STAFF (STAFFID, NAME, TELEPHONE, BRANCH_NAME) VALUES (100008, 'Petur Ivanov', '0873534553', 'Krasno Selo');
INSERT INTO FN71986.STAFF (STAFFID, NAME, TELEPHONE, BRANCH_NAME) VALUES (100010, 'Darina Ivova', '0874645454', 'European Union');
INSERT INTO FN71986.STAFF (STAFFID, NAME, TELEPHONE, BRANCH_NAME) VALUES (100009, 'Ivan Aleksiev', '0891313234', 'Sofia Airport');
INSERT INTO FN71986.STAFF (STAFFID, NAME, TELEPHONE, BRANCH_NAME) VALUES (100011, 'Ivo Kirilov', '0893546833', 'Patriarh Evtimii');
INSERT INTO FN71986.STAFF (STAFFID, NAME, TELEPHONE, BRANCH_NAME) VALUES (100012, 'Nikol Dalmantova', '0874644353', 'Vitosha');
INSERT INTO FN71986.STAFF (STAFFID, NAME, TELEPHONE, BRANCH_NAME) VALUES (100013, 'Nataliya Ivanova', '0864633244', 'Bul Bulgaria');
INSERT INTO FN71986.STAFF (STAFFID, NAME, TELEPHONE, BRANCH_NAME) VALUES (100014, 'Stanislav Georgiev', '0946453223', 'Sofia Airport');
INSERT INTO FN71986.STAFF (STAFFID, NAME, TELEPHONE, BRANCH_NAME) VALUES (100015, 'Boiko Borisov', '0985633422', 'Krasno Selo');

INSERT INTO FN71986.CARDS (CARDID, EGN, VALIDITY, BRANCH_NAME) VALUES (123001, '0345653212', 12, 'NDK');
INSERT INTO FN71986.CARDS (CARDID, EGN, VALIDITY, BRANCH_NAME) VALUES (123002, '0634223444', 43, 'Liulin');
INSERT INTO FN71986.CARDS (CARDID, EGN, VALIDITY, BRANCH_NAME) VALUES (123004, '3456721342', 21, 'James Boucher');
INSERT INTO FN71986.CARDS (CARDID, EGN, VALIDITY, BRANCH_NAME) VALUES (123453, '4501123456', 234, 'Mizia');
INSERT INTO FN71986.CARDS (CARDID, EGN, VALIDITY, BRANCH_NAME) VALUES (131254, '4609096789', 8, 'Krasno Selo');
INSERT INTO FN71986.CARDS (CARDID, EGN, VALIDITY, BRANCH_NAME) VALUES (354352, '6600236899', 321, 'Sofia Airport');
INSERT INTO FN71986.CARDS (CARDID, EGN, VALIDITY, BRANCH_NAME) VALUES (242344, '7003346587', 213, 'European Union');
INSERT INTO FN71986.CARDS (CARDID, EGN, VALIDITY, BRANCH_NAME) VALUES (342345, '7123123212', 21, 'Patriarh Evtimii');
INSERT INTO FN71986.CARDS (CARDID, EGN, VALIDITY, BRANCH_NAME) VALUES (242556, '7821432132', 43, 'Vitosha');
INSERT INTO FN71986.CARDS (CARDID, EGN, VALIDITY, BRANCH_NAME) VALUES (799605, '8604235600', 66, 'Bul Bulgaria');
INSERT INTO FN71986.CARDS (CARDID, EGN, VALIDITY, BRANCH_NAME) VALUES (565464, '9012345435', 90, 'Sofia Airport');
INSERT INTO FN71986.CARDS (CARDID, EGN, VALIDITY, BRANCH_NAME) VALUES (456675, '9300456545', 11, 'European Union');
INSERT INTO FN71986.CARDS (CARDID, EGN, VALIDITY, BRANCH_NAME) VALUES (567645, '9532456799', 12, 'Patriarh Evtimii');
INSERT INTO FN71986.CARDS (CARDID, EGN, VALIDITY, BRANCH_NAME) VALUES (464566, '9875123456', 32, 'Vitosha');
INSERT INTO FN71986.CARDS (CARDID, EGN, VALIDITY, BRANCH_NAME) VALUES (123556, '9902340543', 12, 'Bul Bulgaria');

INSERT INTO FN71986.TICKETS (TICKETID, VALIDITY, DATE, BRANCH_NAME) VALUES (135001, 0, '2021-06-18', 'NDK');
INSERT INTO FN71986.TICKETS (TICKETID, VALIDITY, DATE, BRANCH_NAME) VALUES (135002, 0, '2021-06-29', 'Liulin');
INSERT INTO FN71986.TICKETS (TICKETID, VALIDITY, DATE, BRANCH_NAME) VALUES (135003, 0, '2021-07-17', 'James Boucher');
INSERT INTO FN71986.TICKETS (TICKETID, VALIDITY, DATE, BRANCH_NAME) VALUES (135004, 0, '2021-07-19', 'Mizia');
INSERT INTO FN71986.TICKETS (TICKETID, VALIDITY, DATE, BRANCH_NAME) VALUES (135005, 1, '2021-07-22', 'Krasno Selo');
INSERT INTO FN71986.TICKETS (TICKETID, VALIDITY, DATE, BRANCH_NAME) VALUES (135006, 1, '2021-07-27', 'Sofia Airport');
INSERT INTO FN71986.TICKETS (TICKETID, VALIDITY, DATE, BRANCH_NAME) VALUES (135007, 1, '2021-07-30', 'European Union');
INSERT INTO FN71986.TICKETS (TICKETID, VALIDITY, DATE, BRANCH_NAME) VALUES (135008, 1, '2021-08-08', 'Patriarh Evtimii');
INSERT INTO FN71986.TICKETS (TICKETID, VALIDITY, DATE, BRANCH_NAME) VALUES (135009, 1, '2021-08-13', 'Vitosha');
INSERT INTO FN71986.TICKETS (TICKETID, VALIDITY, DATE, BRANCH_NAME) VALUES (135010, 1, '2021-08-16', 'Bul Bulgaria');
INSERT INTO FN71986.TICKETS (TICKETID, VALIDITY, DATE, BRANCH_NAME) VALUES (135011, 1, '2021-08-18', 'Krasno Selo');
INSERT INTO FN71986.TICKETS (TICKETID, VALIDITY, DATE, BRANCH_NAME) VALUES (135012, 1, '2021-08-23', 'Sofia Airport');
INSERT INTO FN71986.TICKETS (TICKETID, VALIDITY, DATE, BRANCH_NAME) VALUES (134013, 1, '2021-08-29', 'European Union');
INSERT INTO FN71986.TICKETS (TICKETID, VALIDITY, DATE, BRANCH_NAME) VALUES (135014, 0, '2021-08-31', 'Patriarh Evtimii');
INSERT INTO FN71986.TICKETS (TICKETID, VALIDITY, DATE, BRANCH_NAME) VALUES (135015, 0, '2021-09-12', 'Vitosha');
INSERT INTO FN71986.TICKETS (TICKETID, VALIDITY, DATE, BRANCH_NAME) VALUES (213333, 1, '2021-10-04', 'Vitosha');
INSERT INTO FN71986.TICKETS (TICKETID, VALIDITY, DATE, BRANCH_NAME) VALUES (123454, 1, '2021-10-05', 'Bul Bulgaria');
INSERT INTO FN71986.TICKETS (TICKETID, VALIDITY, DATE, BRANCH_NAME) VALUES (231111, 0, '2021-10-20', 'Krasno Selo');
INSERT INTO FN71986.TICKETS (TICKETID, VALIDITY, DATE, BRANCH_NAME) VALUES (567554, 0, '2021-10-21', 'Sofia Airport');
INSERT INTO FN71986.TICKETS (TICKETID, VALIDITY, DATE, BRANCH_NAME) VALUES (467675, 1, '2021-11-06', 'European Union');

INSERT INTO FN71986.SERVS (STAFFID, EGN) VALUES (100001, '0023453244');
INSERT INTO FN71986.SERVS (STAFFID, EGN) VALUES (100002, '0023554355');
INSERT INTO FN71986.SERVS (STAFFID, EGN) VALUES (100003, '0034565454');
INSERT INTO FN71986.SERVS (STAFFID, EGN) VALUES (100004, '0123454565');
INSERT INTO FN71986.SERVS (STAFFID, EGN) VALUES (100004, '9012345435');
INSERT INTO FN71986.SERVS (STAFFID, EGN) VALUES (100005, '0190234334');
INSERT INTO FN71986.SERVS (STAFFID, EGN) VALUES (100005, '9300456545');
INSERT INTO FN71986.SERVS (STAFFID, EGN) VALUES (100006, '0345653212');
INSERT INTO FN71986.SERVS (STAFFID, EGN) VALUES (100006, '9532456799');
INSERT INTO FN71986.SERVS (STAFFID, EGN) VALUES (100007, '0634223444');
INSERT INTO FN71986.SERVS (STAFFID, EGN) VALUES (100007, '9875123456');
INSERT INTO FN71986.SERVS (STAFFID, EGN) VALUES (100008, '3456721342');
INSERT INTO FN71986.SERVS (STAFFID, EGN) VALUES (100008, '9902340543');
INSERT INTO FN71986.SERVS (STAFFID, EGN) VALUES (100009, '4501123456');
INSERT INTO FN71986.SERVS (STAFFID, EGN) VALUES (100010, '4609096789');
INSERT INTO FN71986.SERVS (STAFFID, EGN) VALUES (100011, '6600236899');
INSERT INTO FN71986.SERVS (STAFFID, EGN) VALUES (100012, '7003346587');
INSERT INTO FN71986.SERVS (STAFFID, EGN) VALUES (100013, '7123123212');
INSERT INTO FN71986.SERVS (STAFFID, EGN) VALUES (100014, '7821432132');
INSERT INTO FN71986.SERVS (STAFFID, EGN) VALUES (100015, '8604235600');

INSERT INTO FN71986.GOES (EGN, BRANCH_NAME) VALUES ('0023453244', 'NDK');
INSERT INTO FN71986.GOES (EGN, BRANCH_NAME) VALUES ('0023554355', 'Liulin');
INSERT INTO FN71986.GOES (EGN, BRANCH_NAME) VALUES ('0034565454', 'James Boucher');
INSERT INTO FN71986.GOES (EGN, BRANCH_NAME) VALUES ('0123454565', 'Mizia');
INSERT INTO FN71986.GOES (EGN, BRANCH_NAME) VALUES ('0190234334', 'Krasno Selo');
INSERT INTO FN71986.GOES (EGN, BRANCH_NAME) VALUES ('0345653212', 'Sofia Airport');
INSERT INTO FN71986.GOES (EGN, BRANCH_NAME) VALUES ('0634223444', 'European Union');
INSERT INTO FN71986.GOES (EGN, BRANCH_NAME) VALUES ('3456721342', 'Patriarh Evtimii');
INSERT INTO FN71986.GOES (EGN, BRANCH_NAME) VALUES ('4501123456', 'Vitosha');
INSERT INTO FN71986.GOES (EGN, BRANCH_NAME) VALUES ('4609096789', 'Bul Bulgaria');
INSERT INTO FN71986.GOES (EGN, BRANCH_NAME) VALUES ('6600236899', 'NDK');
INSERT INTO FN71986.GOES (EGN, BRANCH_NAME) VALUES ('7003346587', 'Liulin');
INSERT INTO FN71986.GOES (EGN, BRANCH_NAME) VALUES ('7123123212', 'James Boucher');
INSERT INTO FN71986.GOES (EGN, BRANCH_NAME) VALUES ('7821432132', 'Mizia');
INSERT INTO FN71986.GOES (EGN, BRANCH_NAME) VALUES ('8604235600', 'Krasno Selo');
INSERT INTO FN71986.GOES (EGN, BRANCH_NAME) VALUES ('9012345435', 'Sofia Airport');
INSERT INTO FN71986.GOES (EGN, BRANCH_NAME) VALUES ('9300456545', 'European Union');
INSERT INTO FN71986.GOES (EGN, BRANCH_NAME) VALUES ('9532456799', 'Patriarh Evtimii');
INSERT INTO FN71986.GOES (EGN, BRANCH_NAME) VALUES ('9875123456', 'Vitosha');
INSERT INTO FN71986.GOES (EGN, BRANCH_NAME) VALUES ('9902340543', 'Bul Bulgaria');

INSERT INTO FN71986.RENEW (EGN, CARDID, BRANCH_NAME) VALUES ('0345653212', 123001, 'NDK');
INSERT INTO FN71986.RENEW (EGN, CARDID, BRANCH_NAME) VALUES ('0634223444', 123002, 'Liulin');
INSERT INTO FN71986.RENEW (EGN, CARDID, BRANCH_NAME) VALUES ('3456721342', 123004, 'James Boucher');
INSERT INTO FN71986.RENEW (EGN, CARDID, BRANCH_NAME) VALUES ('4501123456', 123453, 'Mizia');
INSERT INTO FN71986.RENEW (EGN, CARDID, BRANCH_NAME) VALUES ('4609096789', 131254, 'Krasno Selo');
INSERT INTO FN71986.RENEW (EGN, CARDID, BRANCH_NAME) VALUES ('6600236899', 354352, 'Sofia Airport');
INSERT INTO FN71986.RENEW (EGN, CARDID, BRANCH_NAME) VALUES ('7003346587', 242344, 'European Union');
INSERT INTO FN71986.RENEW (EGN, CARDID, BRANCH_NAME) VALUES ('7123123212', 342345, 'Patriarh Evtimii');
INSERT INTO FN71986.RENEW (EGN, CARDID, BRANCH_NAME) VALUES ('7821432132', 242556, 'Vitosha');
INSERT INTO FN71986.RENEW (EGN, CARDID, BRANCH_NAME) VALUES ('8604235600', 799605, 'Bul Bulgaria');
INSERT INTO FN71986.RENEW (EGN, CARDID, BRANCH_NAME) VALUES ('9012345435', 565464, 'Krasno Selo');
INSERT INTO FN71986.RENEW (EGN, CARDID, BRANCH_NAME) VALUES ('9300456545', 456675, 'Sofia Airport');
INSERT INTO FN71986.RENEW (EGN, CARDID, BRANCH_NAME) VALUES ('9532456799', 567645, 'European Union');
INSERT INTO FN71986.RENEW (EGN, CARDID, BRANCH_NAME) VALUES ('9875123456', 464566, 'Patriarh Evtimii');
INSERT INTO FN71986.RENEW (EGN, CARDID, BRANCH_NAME) VALUES ('9902340543', 123556, 'Vitosha');

CREATE VIEW INFO
AS
    SELECT T.TICKETID, T.DATE, B.NAME AS STATION_NAME
    FROM TICKETS T, BRANCHES B
    WHERE T.BRANCH_NAME = B.NAME;

SELECT * FROM INFO;

CREATE VIEW INFO2
AS
    SELECT ST.NAME, ST.STAFFID, ST.TELEPHONE, B.ADDRESS
    FROM STAFF ST, BRANCHES B
    WHERE B.NAME = ST.BRANCH_NAME;